{"cameraMode":{"drawMode":0,"name":"Shaded","section":"Shading Mode"},"sceneLighting":false,"audioPlay":false,"sceneViewState":{"showFog":true,"showMaterialUpdate":false,"showSkybox":false,"showFlares":true,"showImageEffects":true,"showParticleSystems":true,"showVisualEffectGraphs":true,"m_FxEnabled":true},"in2DMode":false,"pivot":{"x":-0.00003540515899658203,"y":0.6974499225616455,"z":-0.018496394157409669},"rotation":{"x":0.009668583981692791,"y":0.9898169040679932,"z":-0.08365119248628617,"w":0.11453656852245331},"size":2.617765188217163,"orthographic":false}